int_rate,annual_inc,loan_amnt,defaulted
10.65,24000.0,5000.0,0
15.99,65000.0,6500.0,0
15.99,58310.0,20975.0,1
12.39,120000.0,18000.0,1
8.67,189000.0,35000.0,0
15.59,35000.0,8000.0,0
6.49,110000.0,7000.0,1
23.99,101000.0,3175.0,0
12.39,85000.0,1000.0,0
11.44,110000.0,21000.0,1
17.86,57000.0,20475.0,1
14.99,64000.0,16000.0,1
14.31,87000.0,20000.0,1
11.99,29000.0,7000.0,0
17.14,54496.0,27150.0,1
11.44,150000.0,20000.0,1
8.67,56000.0,3100.0,1
11.44,78000.0,15000.0,1
14.99,100000.0,35000.0,1
15.59,91000.0,15000.0,1
8.19,62000.0,12600.0,1
14.99,67000.0,20000.0,1
14.99,93200.0,18000.0,1
15.59,71813.0,27200.0,1
12.39,52000.0,20750.0,1
14.99,140000.0,22400.0,1
7.49,67860.0,16000.0,0
17.14,15531.0,7750.0,0
17.14,75000.0,17425.0,1
24.99,105000.0,14975.0,1
6.49,85000.0,14000.0,1
11.99,65000.0,5000.0,0
7.49,120000.0,15000.0,1
6.99,126000.0,5000.0,1
15.59,92400.0,20000.0,1
17.14,31753.0,12700.0,0
11.44,65000.0,12000.0,0
7.49,80000.0,8000.0,1
11.99,60000.0,10000.0,0
12.39,59300.0,7000.0,1
12.39,73500.0,3000.0,0
9.49,52000.0,20800.0,0
11.44,55500.0,13200.0,0
12.39,74276.8,9000.0,0
15.59,142000.0,35000.0,1
11.44,67267.2,18000.0,1
15.99,101000.0,3500.0,0
14.31,39400.0,9600.0,0
11.99,110000.0,10000.0,1
17.14,29000.0,9800.0,0
11.99,92250.0,8000.0,0
6.99,130000.0,20000.0,1
17.14,37500.0,13000.0,0
15.99,60000.0,19725.0,1
15.59,33000.0,4675.0,0
10.49,105000.0,9750.0,1
12.99,25000.0,4800.0,0
13.66,60000.0,10000.0,0
18.54,90000.0,21000.0,1
14.31,53000.0,2500.0,0
19.24,134000.0,19475.0,1
8.19,46500.0,11500.0,0
16.49,82500.0,10375.0,1
11.44,52384.0,15000.0,0
15.59,60000.0,9100.0,0
6.99,97000.0,33000.0,1
12.99,53000.0,10400.0,0
24.5,110000.0,35000.0,1
10.49,88000.0,6500.0,0
10.49,100000.0,21000.0,1
6.03,62000.0,6600.0,0
15.59,30000.0,8325.0,0
15.59,100000.0,14600.0,1
12.39,35000.0,12000.0,0
24.5,98000.0,35000.0,1
17.86,59000.0,12000.0,1
15.59,46100.0,10000.0,1
6.49,75000.0,11000.0,1
8.67,65000.0,6300.0,0
6.99,111000.0,15000.0,1
12.99,85000.0,24000.0,1
8.67,80000.0,28000.0,1
11.99,209540.0,34000.0,0
12.39,60523.0,16000.0,1
13.66,54000.0,2400.0,0
7.49,41000.0,7500.0,0
14.31,50000.0,18000.0,0
17.14,120000.0,14000.0,1
19.99,47500.0,13675.0,0
6.49,100000.0,12400.0,1
14.99,48321.0,8000.0,1
6.49,40000.0,4000.0,0
12.39,60000.0,19125.0,1
16.49,60000.0,8875.0,0
8.19,160000.0,21000.0,0
14.99,73000.0,15000.0,1
13.66,82800.0,10000.0,1
15.99,45000.0,19750.0,1
10.49,242977.0,24000.0,0
11.99,52000.0,11000.0,0
10.49,85000.0,24000.0,1
13.66,92000.0,21000.0,1
23.99,68000.0,24925.0,1
11.99,105000.0,24000.0,1
9.49,82000.0,24000.0,1
15.99,75000.0,6000.0,1
7.49,208242.0,15000.0,0
19.99,76000.0,25000.0,1
10.49,85000.0,15000.0,1
14.99,78000.0,14000.0,1
12.39,36000.0,3000.0,0
12.39,38000.0,5000.0,0
9.49,139000.0,34000.0,1
9.49,47000.0,4000.0,0
22.99,38700.0,13100.0,0
12.39,40400.0,14000.0,0
7.49,223477.0,35000.0,1
11.99,49920.0,12000.0,0
14.31,55000.0,5000.0,0
8.19,160000.0,6000.0,0
19.99,126000.0,35000.0,1
12.39,107000.0,24000.0,1
6.49,60000.0,6000.0,0
14.31,39000.0,8000.0,0
21.99,52600.0,7000.0,1
11.44,58000.0,5000.0,0
9.49,57000.0,10500.0,0
13.66,32000.0,10800.0,0
8.19,60000.0,12000.0,0
11.99,110000.0,4200.0,0
18.54,49000.0,10575.0,0
14.31,50000.0,15000.0,0
8.19,36000.0,5400.0,0
15.59,33000.0,10000.0,0
15.59,54000.0,11200.0,0
9.49,60000.0,13000.0,0
6.49,46800.0,12000.0,1
21.99,150000.0,30000.0,1
10.49,75000.0,20000.0,1
8.19,43000.0,10000.0,1
11.44,62000.0,20000.0,1
17.86,38880.0,17775.0,0
25.99,66000.0,15850.0,1
11.44,51000.0,6000.0,0
12.99,90000.0,16000.0,1
6.49,91000.0,18500.0,1
19.99,32000.0,12050.0,0
19.99,41000.0,11975.0,0
7.49,80000.0,8400.0,0
7.49,48500.0,6000.0,0
10.49,90000.0,3000.0,0
12.99,48000.0,5500.0,0
10.49,47268.0,15000.0,1
12.39,102000.0,16000.0,1
15.59,90000.0,7000.0,0
18.54,209716.0,32000.0,0
12.99,42000.0,5400.0,0
13.66,50000.0,6150.0,0
7.49,57000.0,10000.0,1
15.99,76000.0,24000.0,1
8.19,28000.0,6000.0,0
6.03,103000.0,18000.0,1
9.49,55000.0,12000.0,0
8.67,95000.0,1400.0,0
8.19,112000.0,10000.0,0
8.19,43200.0,4800.0,0
15.59,40000.0,3500.0,0
11.44,247646.0,7500.0,0
14.99,83775.0,10000.0,1
6.03,90000.0,6500.0,0
8.19,86500.0,15000.0,1
15.99,70000.0,17000.0,1
21.99,135000.0,25000.0,1
16.49,70000.0,15000.0,1
18.54,50000.0,1100.0,0
8.19,31000.0,2000.0,0
13.66,43000.0,12000.0,0
10.49,78000.0,24000.0,1
15.59,95326.0,26200.0,1
9.49,60000.0,7000.0,0
16.49,50000.0,3600.0,0
12.99,42000.0,11000.0,0
12.39,62000.0,20000.0,1
14.99,44000.0,18000.0,1
11.99,60000.0,8000.0,0
20.99,87646.0,25000.0,1
11.99,57000.0,3000.0,0
12.39,30000.0,5000.0,0
11.44,80000.0,3600.0,0
12.39,60000.0,10800.0,1
7.49,35000.0,12500.0,0
10.49,100000.0,12500.0,1
6.49,101000.0,25000.0,1
14.31,40800.0,15000.0,0
16.49,14400.0,3500.0,0
15.59,54000.0,9325.0,0
11.44,188000.0,30375.0,0
7.49,48000.0,3600.0,0
14.99,118040.0,7000.0,1
8.19,55000.0,10800.0,0
11.99,75000.0,16000.0,1
7.49,60000.0,7200.0,0
25.8,138000.0,35000.0,1
17.86,70000.0,24000.0,1
15.99,87000.0,8500.0,1
7.49,95000.0,28000.0,1
10.49,135000.0,20400.0,1
14.99,29973.0,14900.0,0
11.99,51933.84,10000.0,0
13.66,65000.0,8000.0,0
9.49,60000.0,15000.0,0
15.99,105000.0,35000.0,1
18.54,69000.0,11925.0,0
8.19,160000.0,20000.0,0
9.49,105000.0,7800.0,0
9.49,95000.0,2000.0,0
17.86,28000.0,1000.0,0
6.99,115000.0,30000.0,1
17.86,55000.0,4625.0,0
11.44,65900.0,7200.0,0
11.44,135000.0,10800.0,1
6.99,52400.0,10000.0,0
18.54,33000.0,14500.0,0
8.67,95000.0,20000.0,1
12.99,140000.0,6000.0,1
7.49,223531.0,15000.0,0
8.19,82000.0,25000.0,1
17.86,39000.0,7350.0,0
14.31,60000.0,16000.0,1
13.66,65000.0,2500.0,0
8.19,76000.0,12000.0,0
11.99,98000.0,25000.0,1
11.99,120000.0,13000.0,1
21.99,70000.0,11200.0,0
17.86,73000.0,24500.0,1
10.49,84000.0,13000.0,1
14.31,95000.0,20000.0,1
21.99,74000.0,5525.0,0
25.89,45000.0,12000.0,1
13.66,45000.0,18000.0,0
16.49,50000.0,4000.0,0
11.99,105000.0,10000.0,1
13.66,98000.0,5000.0,0
19.99,37000.0,9550.0,0
14.31,77000.0,35000.0,1
12.99,60000.0,12000.0,0
11.99,53000.0,7200.0,0
10.49,55000.0,10000.0,0
7.49,52000.0,15000.0,0
17.86,100000.0,3500.0,0
11.44,35000.0,5000.0,0
11.44,40000.0,3500.0,0
14.99,57000.0,15025.0,1
12.39,68000.0,3000.0,0
19.99,42000.0,12600.0,0
12.99,60000.0,10000.0,0
15.99,41000.0,5000.0,0
11.99,48000.0,14000.0,1
19.99,43000.0,14400.0,0
8.19,85000.0,20000.0,1
12.99,125000.0,15000.0,1
11.44,79000.0,21000.0,1
17.86,65000.0,19200.0,1
14.31,50000.0,10000.0,0
14.99,45000.0,10650.0,1
6.99,34000.0,1400.0,0
13.66,93000.0,25000.0,1
14.99,62000.0,5275.0,0
13.66,100000.0,10000.0,1
21.99,33000.0,10000.0,0
15.59,150000.0,15000.0,1
15.99,70000.0,6000.0,0
11.99,25000.0,2600.0,0
12.39,78750.0,8400.0,0
6.49,35000.0,4000.0,0
12.39,110000.0,21000.0,1
12.39,56715.0,14000.0,1
15.59,51000.0,8000.0,0
12.39,46000.0,12000.0,0
6.99,81420.0,18000.0,1
11.99,150000.0,12000.0,1
14.31,20748.0,2975.0,0
14.31,65000.0,24650.0,1
14.99,45000.0,5600.0,0
6.03,72000.0,21000.0,1
15.59,70000.0,10500.0,1
21.99,85000.0,15000.0,1
12.39,80000.0,16000.0,1
11.99,45000.0,5000.0,0
7.49,72000.0,10000.0,0
11.44,80000.0,8000.0,1
10.49,44000.0,10000.0,0
14.31,165000.0,28000.0,0
9.49,75000.0,6000.0,0
6.99,51000.0,7000.0,0
6.49,159000.0,5000.0,0
11.44,39520.0,8000.0,0
8.19,56000.0,15000.0,0
11.99,62000.0,12000.0,0
15.99,48000.0,4800.0,0
18.54,120000.0,20000.0,1
8.19,50000.0,7200.0,0
8.67,27000.0,3500.0,0
9.49,49000.0,4000.0,1
17.14,130000.0,35000.0,1
11.44,36000.0,5000.0,0
15.99,126000.0,21000.0,1
14.31,160000.0,23000.0,1
22.99,138000.0,35000.0,1
6.49,62400.0,20000.0,1
14.99,70000.0,30000.0,1
6.99,140000.0,15000.0,1
6.03,95000.0,28000.0,1
8.19,40000.0,8500.0,0
10.49,110000.0,12000.0,1
11.99,66347.0,12000.0,1
8.67,60000.0,16000.0,0
8.67,90000.0,7000.0,0
10.49,50000.0,5000.0,0
19.24,61000.0,30000.0,1
6.99,62000.0,3000.0,0
18.54,185000.0,4875.0,0
17.14,29132.0,7800.0,0
16.49,115000.0,32625.0,1
14.99,85000.0,10000.0,1
14.99,100000.0,16000.0,1
12.39,47099.0,14500.0,1
6.99,70000.0,8000.0,0
13.66,30000.0,2500.0,0
14.31,54000.0,19425.0,1
8.19,88000.0,3000.0,0
11.44,75000.0,16000.0,1
14.31,70000.0,20400.0,1
8.67,50000.0,10500.0,0
10.49,64000.0,2400.0,0
13.66,75000.0,6375.0,0
8.19,70000.0,9000.0,0
10.49,55000.0,8800.0,0
11.44,53000.0,15000.0,0
6.99,78000.0,18000.0,1
20.99,91000.0,27900.0,1
11.99,32000.0,8800.0,0
7.49,105000.0,18000.0,1
8.67,36000.0,12000.0,0
14.99,30000.0,4500.0,0
8.19,45000.0,15000.0,0
19.24,86940.0,27750.0,1
9.49,85000.0,9000.0,0
8.19,105000.0,26400.0,1
19.99,55000.0,16475.0,0
13.66,110000.0,20000.0,1
13.66,50000.0,9600.0,0
6.03,62000.0,18000.0,1
13.66,130000.0,29575.0,1
12.99,205271.0,35000.0,0
12.99,100000.0,18000.0,1
14.31,110000.0,35000.0,1
17.14,60000.0,8575.0,0
12.39,100000.0,35000.0,1
12.99,50000.0,10000.0,0
12.99,76000.0,10000.0,0
11.99,90000.0,15000.0,1
12.39,60000.0,28775.0,1
13.66,115000.0,18000.0,1
6.49,163000.0,15000.0,0
15.99,25920.0,9325.0,0
12.99,62000.0,5000.0,0
12.39,50000.0,8800.0,0
19.99,150850.0,35000.0,0
12.39,90780.0,35000.0,1
10.49,93500.0,25000.0,1
15.99,125000.0,35000.0,1
14.31,31000.0,10000.0,0
6.49,120000.0,12000.0,1
9.49,60000.0,20000.0,0
20.99,63000.0,31450.0,1
14.31,97000.0,27000.0,1
12.39,205196.0,20000.0,0
15.59,42000.0,2200.0,0
17.86,190000.0,21000.0,0
12.99,75000.0,13500.0,1
8.67,77000.0,27000.0,1
15.59,98000.0,1800.0,0
17.86,165000.0,11975.0,0
11.44,98500.0,5000.0,0
12.99,40000.0,7500.0,0
13.66,43000.0,14000.0,0
12.99,78000.0,10000.0,0
7.49,80000.0,15000.0,1
9.49,150000.0,33000.0,1
11.99,80000.0,15000.0,1
13.66,64000.0,2500.0,0
14.31,72000.0,16050.0,1
15.99,90000.0,35000.0,1
8.19,125000.0,28000.0,1
12.39,35000.0,7000.0,0
12.39,61000.0,6500.0,0
7.49,53200.0,15000.0,1
11.99,30000.0,6000.0,0
13.66,50000.0,17925.0,1
6.99,67000.0,20000.0,1
23.99,120000.0,35000.0,1
25.57,70000.0,12375.0,0
6.49,71000.0,12800.0,1
13.66,55000.0,16875.0,0
11.99,29000.0,7200.0,0
22.99,84000.0,12000.0,0
7.49,221527.0,15000.0,0
13.66,52000.0,5500.0,0
17.86,32000.0,9850.0,0
19.24,54000.0,13000.0,1
17.14,120000.0,35000.0,1
18.54,54600.0,11700.0,0
11.99,90000.0,10500.0,0
14.99,55000.0,16800.0,1
15.59,75000.0,20000.0,1
23.99,72800.0,25725.0,1
19.24,29162.0,14000.0,1
9.49,60000.0,24000.0,0
18.54,20000.0,4500.0,0
11.99,70000.0,20000.0,1
18.54,77000.0,5000.0,0
15.59,40000.0,16000.0,0
11.99,53000.0,16800.0,1
9.49,90000.0,15000.0,1
14.31,116000.0,20000.0,1
14.99,32000.0,6000.0,0
14.99,42000.0,20000.0,1
9.49,83200.0,6500.0,1
8.67,95000.0,20000.0,1
16.49,53000.0,22225.0,1
12.99,55000.0,24000.0,1
6.99,120000.0,19600.0,1
15.59,50000.0,6600.0,0
20.99,55000.0,10000.0,0
12.99,205480.0,20000.0,0
25.8,85000.0,32225.0,1
6.99,64000.0,4200.0,0
23.99,118000.0,30000.0,1
10.49,55000.0,10000.0,0
12.99,60000.0,12275.0,0
13.66,61000.0,5000.0,0
7.49,202453.0,35000.0,0
12.39,40000.0,12000.0,0
14.31,38400.0,10425.0,0
7.49,31930.0,3750.0,0
6.49,92000.0,16000.0,1
11.99,241114.0,35000.0,1
10.49,62000.0,15000.0,0
12.99,50000.0,2000.0,0
8.67,99000.0,8400.0,0
9.49,70000.0,35000.0,1
16.49,55000.0,5000.0,0
18.54,45600.0,15000.0,1
16.49,83000.0,2700.0,0
13.66,115535.0,16000.0,1
11.99,150000.0,21000.0,1
9.49,60000.0,20000.0,1
8.67,170000.0,35000.0,0
14.31,41000.0,10000.0,0
12.39,55000.0,10000.0,0
13.66,125000.0,35000.0,1
7.49,80000.0,16000.0,1
7.49,95000.0,16500.0,1
8.19,85000.0,1000.0,0
14.31,143000.0,4200.0,0
8.19,89500.0,12000.0,0
11.99,54000.0,10000.0,0
12.99,56000.0,12000.0,0
9.49,104000.0,7800.0,0
12.39,56000.0,8000.0,0
7.49,180000.0,12000.0,0
17.86,45500.0,3600.0,0
21.99,60000.0,20000.0,1
7.49,85000.0,19500.0,1
9.49,96000.0,7000.0,1
25.8,50000.0,18000.0,1
10.49,83500.0,20000.0,1
22.99,34415.0,11000.0,0
12.39,85000.0,15000.0,1
6.49,111180.0,15600.0,1
8.19,80000.0,4000.0,0
15.59,38000.0,4000.0,0
18.54,175000.0,35000.0,0
12.39,65000.0,8000.0,0
8.67,128000.0,8000.0,1
14.31,60000.0,19425.0,1
10.49,75000.0,7200.0,0
8.67,96000.0,18000.0,1
8.19,234521.0,32000.0,0
12.39,48000.0,14000.0,1
10.49,50000.0,12000.0,0
26.06,235998.0,15750.0,0
14.99,60000.0,5300.0,0
11.99,31000.0,10000.0,0
8.19,81000.0,14400.0,1
16.49,45000.0,19800.0,1
10.49,81000.0,6000.0,0
11.44,53000.0,3500.0,0
11.99,97500.0,6000.0,0
12.39,45000.0,15000.0,0
13.66,60000.0,15000.0,0
9.49,85000.0,35000.0,1
14.99,100000.0,20000.0,1
11.99,95000.0,12800.0,0
12.39,66000.0,20000.0,1
6.49,70000.0,25000.0,1
6.99,72000.0,1800.0,0
11.44,60000.0,17000.0,1
12.99,50000.0,9000.0,0
24.5,59700.0,20275.0,1
14.99,150000.0,20000.0,1
23.99,68000.0,20400.0,1
11.44,50000.0,11000.0,0
15.99,84000.0,2500.0,0
12.99,80000.0,14000.0,0
8.19,65000.0,15000.0,1
12.99,97500.0,30000.0,1
7.49,60000.0,9600.0,0
17.86,58000.0,3200.0,0
21.99,42000.0,10000.0,0
6.49,211845.0,25000.0,1
12.39,35000.0,15325.0,1
8.67,75000.0,8000.0,0
7.49,216352.0,24000.0,1
12.99,36000.0,5000.0,0
12.99,50000.0,1600.0,0
17.14,40000.0,10850.0,0
14.31,28500.0,4800.0,0
18.54,50000.0,14975.0,1
13.66,73000.0,17000.0,1
11.99,72600.0,25000.0,1
15.59,53000.0,12800.0,0
15.59,33500.0,2000.0,0
6.99,80000.0,7000.0,0
11.44,45000.0,12000.0,1
11.99,65000.0,3600.0,0
12.39,43000.0,6500.0,0
12.39,76000.0,6900.0,0
13.66,85000.0,10250.0,1
10.49,80000.0,15000.0,1
6.03,66500.0,7200.0,0
22.99,75000.0,18000.0,1
13.66,104000.0,35000.0,1
9.49,32608.0,2000.0,0
6.99,84400.0,6500.0,1
6.49,52000.0,8000.0,0
11.99,85000.0,27000.0,1
12.39,127500.0,35000.0,1
21.99,98500.0,35000.0,1
10.49,80937.0,21000.0,1
12.39,90000.0,10800.0,1
13.66,98000.0,21000.0,1
8.67,72000.0,35000.0,1
19.24,38000.0,15000.0,0
11.44,27414.0,12000.0,0
12.39,120000.0,10000.0,1
12.39,63000.0,15000.0,1
8.67,136000.0,10000.0,1
19.99,60000.0,13000.0,0
14.31,55000.0,8400.0,0
10.49,175000.0,25000.0,0
6.03,170000.0,18400.0,1
15.59,80000.0,12150.0,1
12.39,69000.0,15000.0,1
11.99,61000.0,4675.0,0
7.49,103000.0,1500.0,0
24.5,39000.0,11700.0,0
9.49,95000.0,35000.0,1
6.03,36500.0,10000.0,0
10.49,76000.0,15000.0,0
12.39,72000.0,8000.0,0
20.99,40000.0,10175.0,0
15.59,45000.0,12000.0,1
18.54,241635.0,35000.0,1
11.44,224356.0,16000.0,0
24.5,171000.0,28000.0,0
11.99,200959.0,30000.0,1
21.99,39000.0,19500.0,0
10.49,115000.0,12000.0,1
11.99,150000.0,35000.0,1
18.54,80000.0,23175.0,1
21.99,74500.0,18000.0,1
9.49,82000.0,7500.0,0
11.44,65000.0,5000.0,0
15.59,68000.0,16000.0,0
6.03,106400.0,12000.0,1
8.19,211838.0,20000.0,0
15.59,75000.0,25000.0,1
10.49,60000.0,15000.0,0
25.57,43000.0,15000.0,0
9.49,90000.0,10000.0,0
6.99,48000.0,14000.0,0
6.03,60321.0,14025.0,1
7.49,98543.0,14500.0,1
14.31,82500.0,23500.0,1
9.49,78000.0,12000.0,1
14.31,101000.0,12000.0,1
11.99,110000.0,35000.0,1
6.49,140000.0,5000.0,0
11.44,78000.0,15000.0,1
15.59,90000.0,15000.0,1
8.67,53500.0,13000.0,0
10.49,75000.0,15000.0,1
7.49,50000.0,2500.0,0
12.99,42000.0,5000.0,0
10.49,239058.0,21000.0,0
14.99,111000.0,35000.0,1
13.66,85000.0,24000.0,1
11.44,37000.0,6000.0,0
7.49,68000.0,8000.0,0
6.99,33100.0,10000.0,0
14.99,76000.0,2800.0,0
17.14,46000.0,16525.0,0
8.19,80000.0,6000.0,0
6.49,80000.0,16000.0,1
15.59,65000.0,11200.0,1
11.44,72000.0,1400.0,0
9.49,40000.0,7200.0,0
14.31,50000.0,10000.0,1
12.39,50000.0,16000.0,1
12.99,55369.0,14000.0,1
12.99,26000.0,6000.0,0
17.14,110000.0,35000.0,1
12.39,75000.0,10000.0,1
17.14,103584.0,35000.0,1
18.54,104000.0,25000.0,1
25.83,120406.0,35000.0,1
11.99,105000.0,15000.0,1
10.49,80000.0,10000.0,0
10.49,90000.0,10000.0,1
24.5,85000.0,12700.0,1
6.03,146816.0,25000.0,1
14.31,45000.0,12000.0,0
15.59,60000.0,11200.0,1
11.99,42000.0,6700.0,0
12.99,100000.0,30000.0,1
19.99,60000.0,22000.0,1
9.49,65000.0,10000.0,0
8.67,80000.0,3600.0,0
14.99,60000.0,13600.0,0
15.99,100000.0,35000.0,1
7.49,41000.0,7500.0,0
8.19,72000.0,7000.0,0
6.49,70000.0,6000.0,0
17.14,143000.0,20000.0,1
10.49,101500.0,5000.0,0
14.31,132000.0,35000.0,1
7.49,241895.0,28000.0,0
10.49,85000.0,14400.0,1
19.24,80000.0,4850.0,0
15.99,44000.0,12000.0,1
7.49,100000.0,22000.0,1
15.59,36000.0,4800.0,0
11.44,109000.0,10225.0,1
17.86,35000.0,15925.0,0
8.67,108000.0,14400.0,1
9.49,30000.0,6000.0,0
19.99,60000.0,19200.0,1
14.31,80000.0,25000.0,1
8.67,115000.0,6000.0,1
15.59,21840.0,3600.0,0
24.99,44000.0,12175.0,0
13.66,120000.0,5000.0,0
12.99,75000.0,7000.0,0
11.99,115000.0,4500.0,0
11.99,61000.0,14075.0,0
11.99,122000.0,25000.0,1
6.49,234860.0,9975.0,0
11.44,71000.0,3200.0,0
9.49,68500.0,17600.0,1
12.99,100000.0,35000.0,1
11.44,48000.0,15000.0,0
14.99,39707.0,14600.0,0
11.44,40000.0,5000.0,0
10.49,55000.0,12000.0,1
8.19,131053.0,16000.0,1
14.99,42000.0,1000.0,0
17.86,21000.0,1300.0,0
14.99,122400.0,35000.0,1
13.66,40000.0,6000.0,0
6.99,49800.0,4000.0,0
8.19,105000.0,21000.0,1
20.99,175000.0,24000.0,0
16.49,50000.0,18000.0,0
13.66,51008.52,7000.0,0
13.66,31000.0,1000.0,0
8.67,100000.0,28000.0,1
8.19,65000.0,5600.0,1
17.14,45900.0,3000.0,0
14.99,95000.0,9125.0,0
18.54,39000.0,14800.0,1
15.99,33414.0,5400.0,0
6.49,84000.0,15000.0,0
7.49,22800.0,5400.0,0
7.49,36000.0,2800.0,0
6.49,56000.0,13000.0,0
14.99,214677.0,21000.0,0
6.99,70300.0,28000.0,1
17.14,45000.0,15000.0,0
13.66,115000.0,7200.0,0
12.99,153000.0,35000.0,0
25.8,37000.0,10600.0,0
12.99,47000.0,20000.0,1
14.99,25000.0,4800.0,0
17.86,30000.0,5950.0,0
19.99,70000.0,23450.0,1
16.49,83000.0,16000.0,1
6.03,65000.0,10000.0,0
22.99,20000.0,1200.0,0
12.99,103000.0,21000.0,1
12.99,85000.0,10000.0,1
14.99,87000.0,16650.0,1
11.44,51000.0,9900.0,0
6.49,182004.0,20000.0,0
14.31,70000.0,20000.0,1
10.49,98000.0,18000.0,1
14.99,90084.0,13500.0,1
12.99,75000.0,22200.0,1
14.31,58213.0,12000.0,0
7.49,65000.0,12000.0,0
6.49,60000.0,6000.0,0
12.39,54000.0,7000.0,0
11.99,132795.0,20000.0,1
22.99,55000.0,24725.0,1
11.44,150000.0,24700.0,1
10.49,142000.0,15000.0,1
14.31,109000.0,12000.0,1
15.59,95000.0,14400.0,1
19.24,100000.0,20000.0,1
13.66,196000.0,21000.0,0
17.14,75000.0,21000.0,1
13.66,75000.0,6000.0,0
15.59,95000.0,20000.0,1
8.19,231598.0,28000.0,0
11.44,55000.0,12000.0,0
9.49,94000.0,8000.0,0
11.44,97000.0,4000.0,0
6.49,67000.0,3000.0,0
15.59,63000.0,23925.0,1
16.49,100000.0,5500.0,0
14.31,80000.0,28000.0,1
7.49,54000.0,7200.0,0
8.67,57780.0,9000.0,0
8.67,66000.0,15800.0,1
12.39,94000.0,5600.0,1
8.67,55967.0,12000.0,0
14.31,209440.0,35000.0,0
12.39,91000.0,22200.0,1
12.39,55000.0,9000.0,0
11.44,204957.0,17500.0,0
10.49,43000.0,10300.0,0
24.5,90000.0,6075.0,0
8.19,105000.0,30000.0,1
24.5,45770.0,9500.0,0
12.39,50000.0,8000.0,0
9.49,50000.0,2500.0,0
12.99,57500.0,28000.0,1
11.99,106000.0,8000.0,0
11.44,50000.0,12000.0,1
6.99,93000.0,4500.0,0
9.49,38400.0,13800.0,1
6.99,150000.0,6400.0,1
25.8,32000.0,10800.0,0
14.31,90000.0,15000.0,1
8.19,100000.0,6000.0,0
8.67,28000.0,7000.0,0
12.99,25000.0,5000.0,0
10.49,25000.0,8000.0,0
8.19,44000.0,7200.0,0
11.44,120000.0,35000.0,1
11.99,43000.0,6500.0,0
12.99,62000.0,12000.0,1
11.44,27000.0,10000.0,0
6.99,245428.0,28000.0,0
14.99,50000.0,16500.0,0
12.99,26600.0,11700.0,0
17.14,74507.0,15000.0,1
12.99,24000.0,2000.0,0
23.99,90000.0,20175.0,1
8.19,75000.0,20000.0,1
16.49,43000.0,12000.0,0
17.86,72000.0,18000.0,1
7.49,32000.0,10000.0,0
11.99,80000.0,15000.0,0
7.49,74336.0,14200.0,1
11.99,52000.0,6000.0,0
14.99,34500.0,2000.0,0
10.49,31558.0,1625.0,0
13.66,40000.0,10000.0,0
8.67,93000.0,30000.0,1
15.59,86000.0,35000.0,1
17.14,25000.0,6000.0,0
8.67,90000.0,4600.0,0
7.49,53000.0,10000.0,0
13.66,35000.0,6000.0,0
9.49,80000.0,6000.0,1
17.86,40000.0,13200.0,0
11.99,68500.0,24000.0,1
9.49,52000.0,11250.0,0
6.99,72253.11,10000.0,0
14.31,45000.0,4800.0,0
12.39,82000.0,20000.0,1
22.99,55000.0,8000.0,1
8.19,60000.0,4000.0,0
14.31,85000.0,10000.0,1
13.66,53500.0,7475.0,0
19.99,54000.0,26925.0,1
12.99,42000.0,20000.0,0
11.44,78000.0,10000.0,0
6.49,50000.0,10500.0,0
6.03,42100.0,13200.0,0
10.49,93730.0,6000.0,0
14.99,104000.0,24000.0,1
6.03,245707.0,15000.0,0
20.99,62000.0,18550.0,1
11.44,65000.0,15000.0,1
16.49,50000.0,15000.0,0
8.19,86000.0,5000.0,0
8.19,40000.0,6000.0,0
9.49,93000.0,20000.0,1
14.31,62000.0,6000.0,0
8.67,110000.0,11200.0,0
13.66,42000.0,10000.0,0
12.99,100000.0,16800.0,1
10.49,120000.0,10000.0,1
13.66,55000.0,20000.0,1
19.24,105000.0,35000.0,1
6.99,201961.0,10000.0,0
11.99,54000.0,4000.0,0
18.54,160000.0,2400.0,0
8.67,86000.0,2400.0,0
12.39,90000.0,33000.0,1
10.49,43000.0,3000.0,0
15.99,82000.0,10000.0,0
12.99,41500.0,12000.0,0
16.49,80000.0,19000.0,1
15.99,70000.0,25075.0,1
15.99,120000.0,25200.0,1
17.14,44107.0,15875.0,1
10.49,105000.0,20000.0,1
10.49,88000.0,10000.0,0
14.99,55000.0,4000.0,1
8.19,55000.0,5000.0,0
14.31,76500.0,3000.0,0
9.49,98000.0,8000.0,1
25.89,75000.0,25575.0,1
9.49,38000.0,6500.0,0
7.49,68000.0,10000.0,0
11.99,100000.0,32000.0,1
13.66,110000.0,6000.0,0
15.99,51500.0,18500.0,0
6.99,140000.0,1500.0,0
23.99,47500.0,23075.0,0
14.99,95000.0,31200.0,1
7.49,61000.0,20000.0,1
6.99,73000.0,12000.0,0
22.99,52800.0,17875.0,1
19.24,65888.0,21600.0,1
17.86,50000.0,16950.0,0
12.99,18000.0,7000.0,0
19.24,88000.0,27125.0,1
11.44,80000.0,20000.0,1
15.59,90000.0,5000.0,0
11.44,115000.0,20000.0,1
11.44,240559.0,10000.0,0
14.99,80234.0,12000.0,0
25.83,234165.0,31500.0,0
7.49,50500.0,12000.0,1
11.44,22000.0,3000.0,0
16.49,54000.0,15000.0,0
12.39,25000.0,9475.0,0
6.49,125000.0,24000.0,1
10.49,130000.0,35000.0,1
12.99,48400.0,4000.0,0
14.99,91540.0,27425.0,1
14.99,72000.0,3000.0,0
12.39,60000.0,6300.0,0
10.49,150000.0,10000.0,1
15.59,75000.0,15000.0,1
8.67,44000.0,10500.0,0
14.31,48000.0,11200.0,0
14.99,40000.0,7800.0,0
15.59,65000.0,14000.0,0
14.99,39315.14,6000.0,0
18.54,65000.0,10000.0,1
7.49,60000.0,12000.0,1
12.99,75000.0,7200.0,0
18.54,55400.0,7000.0,0
12.99,105000.0,6000.0,0
15.99,86000.0,14100.0,1
15.59,20280.0,9500.0,0
12.99,75000.0,15000.0,0
12.99,80000.0,35000.0,1
15.59,30000.0,10000.0,0
16.49,204367.0,35000.0,0
13.66,130000.0,7000.0,1
11.44,50000.0,10000.0,0
12.39,48000.0,4000.0,0
6.99,60000.0,8000.0,0
17.86,18536.0,5400.0,0
11.44,45000.0,5000.0,0
12.39,78000.0,10000.0,0
15.99,80000.0,23575.0,1
7.49,90000.0,6000.0,0
15.59,72000.0,8225.0,0
19.24,123000.0,35000.0,1
11.99,25000.0,8000.0,0
14.31,130000.0,25000.0,1
17.86,84000.0,35000.0,1
18.54,74000.0,10000.0,0
8.19,100000.0,28000.0,1
9.49,64480.0,6000.0,0
16.49,245430.0,35000.0,0
11.44,60000.0,6500.0,0
11.44,33000.0,5500.0,0
12.99,30000.0,8000.0,0
11.99,79000.0,20000.0,1
17.14,84000.0,21725.0,1
12.39,99000.0,14000.0,1
12.39,25000.0,9000.0,0
8.19,60000.0,18000.0,1
6.49,35000.0,2900.0,0
12.99,51500.0,8200.0,0
12.99,85000.0,5000.0,0
6.03,66000.0,8400.0,0
20.99,160000.0,24000.0,0
17.86,50000.0,16000.0,0
12.99,80000.0,18000.0,1
14.99,68500.0,13950.0,1
10.49,43000.0,11900.0,0
10.49,35000.0,5000.0,0
15.59,27000.0,5325.0,0
11.44,43000.0,6300.0,1
12.39,53000.0,11200.0,0
14.99,75000.0,8325.0,0
6.03,47250.0,11000.0,0
16.49,45219.0,3200.0,0
14.31,40000.0,1500.0,0
12.39,110000.0,30000.0,1
17.86,42000.0,12600.0,0
15.59,54418.0,5100.0,0
17.14,95080.0,35000.0,1
14.31,180000.0,33000.0,0
19.99,76000.0,12875.0,1
15.59,58718.0,7000.0,0
15.99,65000.0,15000.0,1
6.49,30000.0,6400.0,0
16.49,60000.0,7650.0,0
12.99,73000.0,6000.0,0
9.49,95000.0,12000.0,0
6.99,75000.0,6600.0,0
19.99,36000.0,12850.0,0
6.99,120000.0,10000.0,1
12.39,103000.0,3800.0,0
16.49,28080.0,2975.0,0
7.49,89000.0,10000.0,1
22.99,54000.0,5000.0,0
15.59,46000.0,11600.0,0
8.19,66000.0,15000.0,1
20.99,40000.0,14325.0,1
19.99,125000.0,35000.0,1
13.66,95000.0,15000.0,1
17.14,60000.0,29775.0,1
16.49,90000.0,6075.0,0
15.99,42225.82,18000.0,0
15.59,43000.0,18875.0,1
6.99,50000.0,10000.0,0
14.99,75000.0,17000.0,1
7.49,60000.0,11275.0,0
11.99,65000.0,4800.0,0
10.49,100000.0,7200.0,0
7.49,37000.0,12000.0,0
12.99,84000.0,12600.0,1
13.66,34000.0,3500.0,0
11.99,80000.0,4800.0,0
24.99,104000.0,10725.0,1
9.49,115000.0,24000.0,1
12.99,75000.0,3850.0,0
7.49,80000.0,15000.0,1
11.99,52000.0,8000.0,0
19.99,75376.0,14800.0,1
10.49,42000.0,10000.0,0
11.44,45000.0,6500.0,0
10.49,40000.0,6000.0,0
17.86,79450.0,35000.0,1
9.49,39000.0,12000.0,0
6.49,87000.0,6000.0,0
14.31,97000.0,6600.0,0
11.99,42000.0,15000.0,0
10.49,38380.0,10750.0,0
19.24,120000.0,28000.0,1
7.49,90000.0,8000.0,0
12.99,50000.0,13750.0,0
16.49,61000.0,14000.0,0
18.54,78847.0,16000.0,1
12.99,82000.0,10800.0,1
12.39,40000.0,15000.0,0
12.99,64000.0,9600.0,0
14.99,172000.0,35000.0,0
8.6,70000.0,13750.0,1
18.24,65190.0,3600.0,0
14.99,47500.0,12000.0,1
13.98,32500.0,5275.0,0
15.61,49000.0,18900.0,1
23.7,90000.0,8000.0,0
24.08,76500.0,17350.0,0
17.57,70000.0,25000.0,1
7.69,70000.0,7200.0,1
18.24,83000.0,10000.0,1
24.99,75000.0,17100.0,1
9.99,43653.38,10000.0,0
14.3,65000.0,6000.0,0
17.76,91746.0,21000.0,1
19.2,53184.0,3525.0,0
18.24,29000.0,11550.0,0
20.2,58000.0,3600.0,0
16.29,65000.0,24625.0,1
13.35,55000.0,18000.0,0
15.61,65000.0,7400.0,0
17.1,85000.0,27575.0,1
14.99,105000.0,20000.0,1
16.99,72000.0,1600.0,0
17.57,28000.0,2800.0,0
14.99,118000.0,20000.0,1
10.99,46000.0,2000.0,0
17.1,56000.0,24575.0,1
14.3,68000.0,14125.0,0
13.67,62300.0,22050.0,1
17.1,84000.0,16100.0,1
9.99,48000.0,13000.0,0
24.08,67500.0,29500.0,1
13.98,36000.0,15825.0,1
10.99,35000.0,7000.0,0
24.5,113000.0,28800.0,1
23.43,44200.0,12000.0,0
10.99,28496.0,5000.0,0
19.52,47000.0,8200.0,0
14.99,55000.0,15000.0,0
24.5,102000.0,2800.0,0
19.52,246593.0,35000.0,0
19.52,58000.0,25450.0,1
25.57,75000.0,30000.0,1
16.99,41800.0,12800.0,1
25.99,78000.0,24925.0,1
14.99,63000.0,13225.0,0
25.83,65000.0,23350.0,1
18.99,78500.0,20400.0,1
19.52,67000.0,21000.0,1
22.15,45000.0,14400.0,0
10.15,110000.0,16000.0,1
19.52,101000.0,30000.0,1
13.35,72000.0,10000.0,0
19.52,45000.0,12000.0,0
11.99,35000.0,9750.0,1
17.1,80000.0,24925.0,1
18.24,93000.0,25000.0,1
15.61,48000.0,16750.0,0
15.61,47852.0,12600.0,0
10.99,60000.0,15000.0,1
24.99,50000.0,14375.0,0
18.55,34500.0,3625.0,0
13.35,28000.0,9450.0,0
19.52,56000.0,16000.0,1
19.52,47357.0,9600.0,0
11.67,26800.0,11975.0,0
13.98,40000.0,5000.0,0
19.2,50000.0,16000.0,0
12.99,60000.0,7200.0,0
17.1,30000.0,8325.0,0
16.99,70000.0,10800.0,1
13.35,120000.0,8000.0,1
14.49,42000.0,17000.0,0
18.99,42000.0,18450.0,0
19.2,63000.0,3500.0,0
15.61,100000.0,35000.0,1
16.29,71500.0,18350.0,1
10.15,80000.0,35000.0,1
18.99,56000.0,13000.0,0
23.7,100000.0,28000.0,1
13.98,32500.0,6250.0,0
19.2,16992.0,4800.0,0
23.43,69000.0,4000.0,0
14.49,60000.0,20000.0,1
16.2,45000.0,8000.0,0
10.15,85000.0,18000.0,1
21.0,60000.0,26500.0,1
13.67,45000.0,16000.0,1
13.67,43192.0,11325.0,1
16.2,32000.0,10625.0,0
13.35,35857.0,12850.0,0
17.57,69000.0,20000.0,1
15.61,45000.0,15000.0,0
15.61,45000.0,19750.0,0
13.98,42000.0,6800.0,0
13.35,30000.0,10000.0,0
14.49,217987.0,35000.0,0
14.3,30000.0,9000.0,0
10.99,51000.0,13000.0,0
17.76,95000.0,16000.0,1
13.35,42000.0,5000.0,0
18.24,145000.0,25000.0,1
18.55,99000.0,30000.0,1
24.5,160000.0,30000.0,0
15.1,82500.0,14400.0,1
18.55,80000.0,6400.0,0
17.1,25000.0,8325.0,0
11.67,15000.0,6225.0,0
14.3,50000.0,16000.0,0
16.29,43820.0,13000.0,0
17.76,63913.0,22400.0,1
12.49,55000.0,10000.0,1
15.1,38000.0,12000.0,0
15.1,63000.0,19200.0,1
15.1,31000.0,10750.0,0
23.4,71998.0,25000.0,1
11.99,45000.0,13000.0,1
20.2,61200.0,20475.0,1
23.4,76800.0,12000.0,0
15.61,22000.0,2000.0,0
16.29,42000.0,12000.0,0
17.57,40000.0,16000.0,0
23.4,88000.0,35000.0,1
16.29,70000.0,12325.0,1
12.49,40000.0,12000.0,0
24.99,46000.0,15625.0,1
6.97,85000.0,8000.0,0
14.49,34000.0,9600.0,0
26.06,90000.0,27275.0,1
7.69,24000.0,10000.0,0
14.99,85000.0,20000.0,1
16.2,130000.0,16800.0,1
23.4,65000.0,13200.0,1
14.49,50000.0,24950.0,1
14.99,58000.0,26650.0,1
12.49,60000.0,11200.0,1
19.52,65000.0,17000.0,1
18.24,50000.0,18000.0,0
9.17,65880.0,31000.0,1
14.99,70000.0,18000.0,1
11.67,58000.0,5000.0,0
17.1,65000.0,14400.0,0
14.99,110000.0,30000.0,1
25.83,150000.0,16000.0,1
18.99,74000.0,20000.0,0
15.61,50000.0,22325.0,1
10.15,50000.0,15000.0,0
23.1,43028.0,15000.0,0
15.61,62400.0,22575.0,1
16.99,72000.0,20975.0,1
10.99,54000.0,15000.0,0
18.99,75000.0,31450.0,1
21.7,20000.0,4750.0,0
17.57,32000.0,4000.0,0
10.99,52000.0,20675.0,0
15.61,120000.0,18000.0,1
17.1,75000.0,16000.0,1
15.1,53000.0,23850.0,1
11.99,86500.0,6000.0,0
17.1,45000.0,9000.0,0
20.99,14760.0,4400.0,0
20.99,41000.0,13000.0,1
23.1,58800.0,12000.0,1
17.76,72000.0,30000.0,1
24.99,42000.0,15100.0,0
10.15,62000.0,9000.0,0
19.52,70000.0,26250.0,1
20.2,85100.0,21925.0,1
15.61,87000.0,26600.0,1
10.99,128000.0,32000.0,1
17.1,19881.0,5500.0,0
25.8,50000.0,22000.0,1
10.99,44000.0,19750.0,1
23.4,50000.0,13750.0,0
24.99,24632.49,1750.0,0
19.52,47000.0,20675.0,1
14.49,48000.0,11200.0,0
11.67,120000.0,8425.0,1
25.83,65000.0,23325.0,1
17.57,30000.0,10000.0,0
19.52,25000.0,3250.0,0
14.99,80000.0,20000.0,1
16.2,72000.0,25450.0,1
24.5,66000.0,16000.0,0
19.2,118000.0,4800.0,0
15.61,42000.0,16000.0,0
13.67,55000.0,17000.0,1
22.4,14000.0,2750.0,0
24.99,50000.0,15000.0,0
13.98,50000.0,5900.0,0
16.29,105000.0,20000.0,1
17.57,46000.0,17700.0,0
19.52,80000.0,11500.0,0
19.52,128000.0,35000.0,1
19.52,25000.0,4500.0,0
18.99,79500.0,29850.0,1
18.55,49360.0,17375.0,1
19.52,32000.0,3225.0,0
16.29,80000.0,19200.0,1
13.98,35000.0,14700.0,0
24.99,55000.0,15250.0,0
12.99,41000.0,14900.0,0
24.5,75000.0,30000.0,1
10.99,63000.0,19050.0,0
16.99,50000.0,13450.0,0
23.43,94000.0,18400.0,1
17.57,75000.0,12000.0,0
14.3,50000.0,6500.0,0
10.99,58000.0,15000.0,1
23.1,212807.0,30000.0,0
22.15,53000.0,23275.0,1
6.97,95000.0,10000.0,1
12.49,60000.0,5100.0,0
12.99,38500.0,7000.0,0
13.67,43000.0,10000.0,0
19.52,90000.0,32000.0,1
20.2,9024.0,1900.0,0
24.99,65000.0,29175.0,1
15.61,38224.0,15000.0,1
20.2,62000.0,26000.0,1
17.57,75000.0,6500.0,1
24.99,175000.0,25000.0,1
20.2,52000.0,16650.0,1
19.52,100000.0,35000.0,1
20.2,55000.0,21975.0,1
8.39,70000.0,12000.0,0
11.67,38188.0,9000.0,0
12.99,119000.0,20000.0,1
18.24,65000.0,16500.0,1
11.99,54700.0,8000.0,0
24.5,78853.0,35000.0,1
16.99,51125.0,16000.0,0
13.98,48000.0,13000.0,0
24.08,39000.0,15000.0,0
22.15,70000.0,10000.0,0
12.49,42761.0,12000.0,0
11.99,75000.0,10000.0,0
15.1,104000.0,20000.0,1
20.2,50000.0,16675.0,1
13.35,42500.0,16000.0,1
12.99,60000.0,7000.0,0
19.52,100009.0,12000.0,1
25.57,67200.0,17500.0,1
20.2,30000.0,7000.0,0
21.7,45000.0,10000.0,0
17.57,40000.0,12000.0,0
11.99,53400.0,23500.0,1
14.49,145000.0,10000.0,1
25.57,75000.0,11450.0,1
15.61,42000.0,18825.0,1
14.3,130000.0,21000.0,1
12.99,100000.0,30000.0,1
17.1,80000.0,17950.0,1
22.15,90000.0,11125.0,1
20.2,64000.0,12000.0,1
25.57,30000.0,4925.0,0
14.99,40000.0,3600.0,0
9.25,49000.0,13200.0,0
19.52,45000.0,8875.0,0
16.2,55000.0,18000.0,0
12.99,25000.0,5600.0,0
9.99,85002.0,14000.0,1
20.2,97936.0,35000.0,1
13.35,80000.0,13500.0,1
24.99,85000.0,17500.0,1
23.1,84000.0,23675.0,1
18.55,35000.0,2000.0,0
15.61,80000.0,14800.0,1
19.52,63000.0,27900.0,1
12.99,55000.0,20125.0,1
17.1,147000.0,35000.0,1
20.2,30000.0,3625.0,0
16.99,36000.0,14375.0,0
12.99,48000.0,8400.0,0
23.1,62500.0,5500.0,0
10.99,40000.0,7200.0,0
12.99,33000.0,9075.0,0
10.99,60000.0,10000.0,0
23.1,58800.0,25975.0,1
25.89,45000.0,16175.0,0
22.4,63000.0,28200.0,1
22.4,85000.0,15000.0,1
25.8,48000.0,19075.0,1
10.99,70000.0,4800.0,0
19.52,63000.0,10000.0,0
14.49,47000.0,11250.0,0
10.15,96000.0,30000.0,1
24.99,47000.0,18225.0,1
11.67,24700.0,5000.0,0
15.1,38000.0,9000.0,0
14.99,50000.0,10000.0,0
12.99,41000.0,10000.0,0
16.99,130000.0,10650.0,1
7.69,85000.0,20000.0,1
11.67,25000.0,5500.0,0
21.7,65000.0,22050.0,1
23.43,90000.0,12000.0,1
9.99,45000.0,13000.0,0
14.49,40000.0,16000.0,0
14.3,100000.0,20000.0,1
13.98,85000.0,12000.0,1
16.2,59600.0,12000.0,0
7.62,54000.0,3000.0,0
25.57,100000.0,23675.0,1
17.76,60000.0,26500.0,1
12.99,85000.0,7500.0,1
17.76,72300.0,14125.0,1
17.1,95000.0,35000.0,1
10.99,36000.0,15875.0,1
15.61,85000.0,10000.0,1
16.99,28700.0,8000.0,0
22.15,74000.0,32500.0,1
17.1,51000.0,17325.0,0
14.49,60800.0,10000.0,0
14.99,28000.0,4225.0,0
23.4,63000.0,10000.0,0
25.99,211643.0,29325.0,0
16.2,125000.0,18000.0,1
6.03,60000.0,21100.0,1
22.15,56000.0,20950.0,1
9.17,209948.0,28000.0,0
18.55,46000.0,7200.0,0
16.99,71000.0,13600.0,1
15.61,43344.0,19500.0,1
20.99,61788.0,22200.0,1
16.29,50000.0,1600.0,0
22.15,70000.0,4800.0,0
20.99,85000.0,30000.0,1
17.1,40000.0,17625.0,1
20.2,35000.0,4800.0,0
17.1,50600.0,22750.0,1
15.1,40000.0,17000.0,0
20.2,30000.0,10200.0,0
13.67,50000.0,20000.0,1
11.67,95000.0,3000.0,0
20.2,70000.0,16000.0,0
10.15,48500.0,15000.0,0
17.1,30000.0,7000.0,0
18.99,72012.0,31575.0,1
24.99,50000.0,13000.0,0
7.69,40000.0,6000.0,0
12.99,103000.0,10000.0,1
25.8,52000.0,18000.0,1
12.99,88000.0,12000.0,1
15.61,70000.0,22000.0,1
14.49,55000.0,18000.0,1
9.17,46000.0,11400.0,0
17.57,40000.0,17975.0,0
24.5,70000.0,25000.0,1
26.06,60000.0,14125.0,1
23.1,31288.0,10850.0,0
9.25,48000.0,21250.0,1
24.99,80000.0,16000.0,1
25.99,56000.0,16700.0,1
14.3,43900.0,12000.0,0
10.99,40000.0,11400.0,0
14.99,108450.0,18000.0,1
23.43,40000.0,12725.0,0
16.99,35000.0,10800.0,0
15.61,60000.0,7000.0,0
17.1,42000.0,9600.0,0
17.1,57000.0,25000.0,0
18.99,36000.0,11200.0,0
19.52,33400.0,6900.0,0
17.57,55000.0,15000.0,0
20.2,37884.0,10000.0,0
19.52,65000.0,23000.0,1
20.2,77600.0,35000.0,1
6.03,72000.0,24000.0,1
13.98,40000.0,10000.0,0
19.52,42000.0,18450.0,1
15.61,65000.0,8500.0,0
12.49,46800.0,17000.0,1
13.67,51800.0,6000.0,0
15.61,27000.0,9450.0,0
14.3,70000.0,25000.0,1
12.49,45000.0,5000.0,0
20.2,33000.0,11200.0,0
13.35,70000.0,2100.0,0
6.03,112000.0,21000.0,1
13.35,24000.0,3600.0,0
13.98,54000.0,9450.0,0
17.1,70000.0,15000.0,1
12.99,36000.0,8350.0,0
20.2,70000.0,20000.0,1
18.24,50000.0,1000.0,0
16.99,27000.0,9600.0,0
20.2,135000.0,13200.0,1
23.43,70000.0,26575.0,1
19.52,35256.0,12575.0,0
24.08,87000.0,25000.0,1
25.89,120000.0,35000.0,1
16.99,50000.0,19950.0,1
14.49,106000.0,15800.0,1
20.2,58000.0,13225.0,1
16.29,54000.0,14450.0,0
23.1,86000.0,30000.0,1
16.29,32000.0,3600.0,0
15.1,60000.0,9600.0,1
16.99,100000.0,35000.0,1
12.99,70000.0,4000.0,0
22.4,110000.0,35000.0,1
20.2,49000.0,14600.0,1
23.1,83502.0,35000.0,1
6.97,110000.0,20000.0,1
18.99,70000.0,15050.0,1
19.2,93000.0,21000.0,1
10.99,40930.0,17000.0,1
14.99,50000.0,14000.0,1
19.52,70500.0,22300.0,1
18.99,150000.0,9375.0,1
21.0,35256.0,12300.0,1
15.61,64000.0,14400.0,1
15.1,60000.0,5000.0,0
24.08,70500.0,7000.0,0
13.98,65000.0,12000.0,1
20.2,32000.0,5625.0,0
19.52,66000.0,8775.0,0
23.7,65000.0,21600.0,1
18.99,51000.0,12000.0,0
12.99,89137.0,25000.0,1
21.7,53551.0,3125.0,0
20.2,43680.0,17350.0,1
17.76,35000.0,8875.0,0
14.99,38000.0,12575.0,0
21.7,110000.0,35000.0,1
8.39,95000.0,26950.0,1
10.99,39500.0,11000.0,0
12.49,38000.0,5000.0,0
19.2,47840.0,16000.0,0
24.08,44960.0,15500.0,0
18.55,50000.0,12275.0,1
13.35,144000.0,10000.0,1
14.99,90000.0,35000.0,1
19.52,98000.0,32350.0,1
19.52,40000.0,4775.0,0
11.67,90000.0,20000.0,1
17.76,78000.0,29700.0,1
12.99,28000.0,9750.0,0
12.99,50000.0,5200.0,0
19.52,46000.0,20675.0,0
11.99,57000.0,7200.0,0
22.15,45000.0,15275.0,0
7.69,24000.0,6500.0,0
11.99,21000.0,5175.0,0
17.1,30000.0,5375.0,0
20.99,42000.0,5000.0,0
19.52,55127.0,22000.0,1
13.98,90000.0,16000.0,1
8.39,44000.0,8000.0,0
19.2,48000.0,20950.0,0
11.67,110000.0,8000.0,0
10.99,26000.0,10000.0,0
17.57,100000.0,2875.0,0
12.99,58000.0,18000.0,1
12.99,16000.0,4375.0,0
17.1,107000.0,10000.0,0
16.29,60000.0,26375.0,1
14.99,55000.0,5800.0,0
19.52,50000.0,19600.0,1
16.99,145000.0,35000.0,1
15.61,65000.0,11325.0,1
21.7,61300.0,8000.0,1
14.49,105000.0,18000.0,1
21.0,50000.0,11100.0,0
14.3,126000.0,20000.0,1
22.15,60000.0,19200.0,0
10.99,78000.0,10000.0,1
22.4,58000.0,15000.0,1
21.7,57465.0,25450.0,1
14.99,70800.0,11200.0,0
15.61,32000.0,10000.0,0
18.55,34000.0,11625.0,0
23.43,35000.0,12600.0,0
16.29,50100.0,22000.0,0
13.98,53000.0,5000.0,0
11.67,40000.0,3000.0,0
10.15,54000.0,12000.0,0
22.4,45000.0,17550.0,1
19.52,21144.0,6075.0,0
19.52,165000.0,35000.0,0
9.25,80000.0,10000.0,1
17.76,88000.0,15000.0,1
24.5,201321.0,35000.0,0
9.25,60000.0,14300.0,1
16.99,75000.0,24250.0,1
22.15,22000.0,7000.0,0
20.2,152000.0,28000.0,0
11.99,60000.0,10000.0,1
18.99,160000.0,35000.0,0
13.67,75000.0,12000.0,0
24.5,90000.0,33700.0,1
16.2,46000.0,15600.0,0
14.99,45000.0,11500.0,1
19.52,21120.0,4200.0,0
23.4,103000.0,18000.0,1
18.99,30000.0,11325.0,0
12.99,60000.0,20000.0,1
20.2,57200.0,25225.0,0
16.29,45000.0,4500.0,0
15.61,43300.0,19000.0,1
15.61,23000.0,5000.0,0
17.1,104000.0,26500.0,1
7.62,50000.0,15000.0,1
13.35,102000.0,28000.0,1
15.1,30000.0,9750.0,0
13.98,19000.0,6300.0,0
12.99,56000.0,4000.0,0
14.99,33612.0,11000.0,0
16.2,45000.0,20000.0,0
16.99,18000.0,6425.0,0
17.57,92000.0,15000.0,0
11.99,56000.0,11200.0,0
19.52,55000.0,7000.0,0
10.99,150000.0,11200.0,1
19.2,42000.0,5000.0,0
13.67,65000.0,17000.0,0
11.99,150000.0,24000.0,1
9.99,55000.0,8000.0,1
12.49,65000.0,11200.0,1
16.2,37900.0,15900.0,0
15.1,107000.0,9000.0,1
14.3,80000.0,12000.0,1
14.99,60000.0,6000.0,0
15.61,54205.0,17700.0,1
17.1,60000.0,10000.0,0
24.5,75000.0,18225.0,1
17.57,42000.0,6000.0,0
12.99,48000.0,14825.0,0
14.49,65000.0,24000.0,1
13.35,90000.0,15400.0,1
14.99,60000.0,11975.0,0
9.17,105000.0,8000.0,1
8.39,71984.0,8400.0,1
14.99,22934.0,9600.0,0
18.99,70000.0,20725.0,1
20.2,60000.0,14400.0,1
13.67,45000.0,3000.0,0
14.99,90000.0,12000.0,1
22.15,160000.0,28000.0,0
15.61,98100.0,16000.0,1
13.35,78000.0,5000.0,0
15.61,95000.0,10000.0,1
11.67,77000.0,20000.0,1
24.08,10768.0,3400.0,0
13.98,74000.0,23000.0,1
11.67,43200.0,19350.0,0
24.99,80000.0,20000.0,1
12.99,42000.0,12400.0,1
18.24,80000.0,28000.0,1
9.99,36000.0,9000.0,0
15.61,43945.0,5000.0,0
18.99,58000.0,12800.0,1
14.49,40000.0,11200.0,0
16.2,102000.0,17450.0,1
13.35,57500.0,12000.0,0
15.1,65000.0,8000.0,0
10.15,41065.0,6000.0,0
14.3,35655.0,6250.0,0
17.1,15000.0,4125.0,0
25.83,75000.0,28500.0,1
14.3,38240.0,16000.0,0
12.49,60000.0,3600.0,0
18.55,40136.0,17500.0,0
18.24,60000.0,10200.0,1
18.99,45000.0,16200.0,0
18.24,60000.0,21225.0,0
15.61,75000.0,11950.0,0
22.4,42000.0,18000.0,0
19.52,34000.0,4125.0,0
19.2,56000.0,24575.0,1
12.49,52000.0,22850.0,1
10.99,80364.0,28000.0,1
12.49,100000.0,3000.0,0
25.57,60000.0,11500.0,1
19.52,23000.0,2000.0,0
9.99,49000.0,8000.0,0
16.29,50000.0,15000.0,0
17.1,45600.0,10400.0,1
13.35,36000.0,12000.0,0
13.98,120000.0,8800.0,1
19.52,75000.0,12000.0,0
7.69,54000.0,20000.0,0
24.08,56000.0,13000.0,0
14.49,51000.0,7000.0,0
25.8,25194.0,10050.0,0
17.76,59885.0,25600.0,1
10.99,44000.0,6000.0,0
10.15,55000.0,10000.0,1
15.61,125000.0,28000.0,1
21.7,60000.0,25000.0,1
17.1,79000.0,25000.0,1
16.2,90000.0,23000.0,1
12.99,42000.0,10000.0,0
12.49,25000.0,6000.0,0
12.99,91000.0,12175.0,1
13.35,125000.0,14400.0,1
22.4,67000.0,17475.0,1
17.1,72203.0,28625.0,1
13.98,52000.0,15000.0,0
16.2,60000.0,26325.0,1
10.15,88000.0,11200.0,1
17.1,58000.0,10000.0,1
7.69,70000.0,5000.0,0
7.69,178000.0,20000.0,1
14.49,35000.0,6000.0,0
17.76,48000.0,10000.0,0
13.98,43300.0,14400.0,0
14.49,50000.0,4000.0,0
14.49,29875.2,9550.0,0
22.15,30000.0,7550.0,0
26.06,82000.0,35000.0,1
17.76,58700.0,23500.0,1
15.61,55000.0,5050.0,0
17.76,114500.0,8000.0,0
12.49,88000.0,10000.0,1
17.57,227532.0,35000.0,0
24.5,75000.0,19200.0,1
17.76,60000.0,11500.0,0
20.2,52000.0,18000.0,1
23.4,63000.0,25000.0,1
14.49,40000.0,16000.0,0
24.5,107000.0,35000.0,1
22.15,65000.0,22000.0,1
15.61,28000.0,3600.0,0
24.99,18000.0,6000.0,0
17.57,65000.0,5000.0,0
12.49,50000.0,10000.0,0
16.2,55000.0,5000.0,0
11.99,75000.0,11000.0,1
17.1,52000.0,23325.0,1
19.2,80000.0,20400.0,1
15.61,80000.0,21000.0,1
23.4,55000.0,12750.0,1
17.57,70000.0,22000.0,1
11.99,31100.0,5000.0,0
11.67,60000.0,15000.0,0
15.61,65000.0,5500.0,0
19.2,40000.0,12000.0,0
20.2,55000.0,25200.0,1
7.69,30000.0,10000.0,0
20.99,64000.0,29325.0,1
17.57,80000.0,35000.0,1
25.57,60800.0,5400.0,0
17.76,19000.0,4000.0,0
23.4,40000.0,12000.0,0
18.24,50000.0,15850.0,0
16.2,67000.0,29700.0,1
13.35,60000.0,7300.0,0
12.99,28000.0,5000.0,0
14.3,37750.0,7000.0,0
12.99,43000.0,18000.0,1
12.49,95000.0,15000.0,1
23.7,44000.0,15800.0,0
12.99,22320.0,3125.0,0
12.99,69900.0,16000.0,1
17.57,61000.0,15000.0,1
22.15,45000.0,3000.0,0
15.61,60000.0,21100.0,1
15.61,50000.0,4400.0,0
22.4,54000.0,5000.0,0
13.67,92268.0,18400.0,1
10.15,40000.0,4000.0,0
13.67,45000.0,18000.0,1
18.55,60000.0,21200.0,1
10.15,90000.0,7000.0,1
21.0,100000.0,35000.0,1
17.1,104000.0,28000.0,1
19.52,75000.0,4000.0,0
16.29,42320.0,15000.0,0
16.2,45669.42,20125.0,0
15.61,50000.0,7000.0,0
14.99,40000.0,10000.0,0
11.99,32000.0,10750.0,0
17.57,53000.0,23225.0,1
10.99,60000.0,10000.0,1
13.35,74600.0,28000.0,1
15.61,60000.0,17000.0,1
17.57,113416.0,24375.0,1
16.2,58000.0,24000.0,1
24.5,160000.0,30000.0,0
20.2,55000.0,5000.0,0
7.69,50000.0,10000.0,0
14.49,42000.0,12000.0,0
15.61,113000.0,30000.0,1
15.61,50000.0,17800.0,1
21.7,130000.0,20000.0,1
15.61,80000.0,20000.0,1
17.76,38400.0,14400.0,0
13.67,59500.0,24000.0,1
14.99,80000.0,35000.0,1
18.24,90722.32,28000.0,1
9.17,122387.0,5550.0,0
17.1,60000.0,8000.0,0
18.99,72000.0,21600.0,1
16.99,60000.0,16000.0,1
7.12,140000.0,30000.0,1
19.52,30000.0,10200.0,0
15.1,45000.0,7425.0,0
14.49,60000.0,6000.0,0
19.2,18000.0,5000.0,0
16.2,43500.0,15000.0,0
13.35,40000.0,6500.0,0
25.83,48000.0,14375.0,0
18.55,52000.0,15000.0,1
13.35,237496.0,27000.0,0
19.2,95000.0,12000.0,1
24.5,93000.0,18000.0,1
12.99,30000.0,9750.0,0
15.61,65000.0,27000.0,1
18.55,36000.0,12675.0,0
19.2,70000.0,15000.0,1
16.29,75000.0,12000.0,0
12.99,45000.0,16000.0,0
12.99,104000.0,23200.0,1
24.5,70000.0,25050.0,1
18.24,85000.0,20000.0,1
10.99,45000.0,4000.0,0
20.99,82000.0,19200.0,1
9.17,91000.0,14000.0,1
16.2,62000.0,27575.0,1
16.99,15000.0,2800.0,0
16.99,58000.0,21000.0,0
18.99,59000.0,23600.0,0
17.57,83500.0,27500.0,1
16.99,241085.0,14975.0,0
16.29,30000.0,10800.0,0
16.2,55000.0,4900.0,0
15.61,28500.0,9975.0,1
10.99,40000.0,8000.0,0
23.7,70000.0,18000.0,0
23.4,85000.0,35000.0,1
14.99,125000.0,20000.0,1
17.76,43000.0,14000.0,1
18.99,65000.0,20000.0,1
14.3,41600.0,6100.0,0
20.2,95000.0,26650.0,1
22.4,60000.0,12000.0,0
15.61,40000.0,10000.0,0
15.61,50000.0,21000.0,1
24.99,35000.0,12575.0,0
13.67,39096.0,10000.0,0
24.5,85000.0,20000.0,1
18.99,29078.0,6300.0,0
25.8,88000.0,14975.0,1
12.99,60000.0,8000.0,0
10.99,100000.0,28000.0,1
15.61,92500.0,35000.0,1
17.76,38000.0,13000.0,1
18.99,75000.0,22600.0,1
18.99,75000.0,20000.0,1
14.49,94000.0,35000.0,1
18.99,60000.0,5000.0,0
15.61,57380.0,15000.0,1
17.57,55000.0,27450.0,1
23.7,94570.0,30000.0,1
10.99,75000.0,4500.0,0
13.98,48815.0,11200.0,0
11.99,75000.0,12000.0,1
13.98,38000.0,14400.0,1
17.76,65000.0,3600.0,0
17.57,48000.0,15000.0,0
23.4,38800.0,3600.0,0
11.99,80000.0,20050.0,1
12.99,62236.0,10000.0,0
17.57,42000.0,12050.0,1
15.61,72800.0,7500.0,0
14.3,83000.0,7000.0,0
20.2,110000.0,15000.0,1
16.99,38000.0,6725.0,0
11.99,50000.0,15000.0,0
13.35,30000.0,8275.0,0
15.61,28000.0,4500.0,0
12.49,45000.0,8000.0,0
20.2,55000.0,13900.0,0
15.1,74000.0,10000.0,1
21.0,60000.0,10000.0,1
20.99,34500.0,13750.0,0
17.57,60000.0,11200.0,0
14.99,24000.0,8600.0,0
13.98,35000.0,15000.0,0
20.2,110000.0,14650.0,1
17.1,34000.0,8875.0,0
9.17,96000.0,10000.0,0
20.2,45000.0,19750.0,1
24.08,50000.0,16975.0,1
13.35,79040.0,12000.0,1
13.67,23000.0,6625.0,0
16.29,64890.0,15000.0,1
16.99,125000.0,30000.0,1
15.61,28000.0,10050.0,0
11.67,43000.0,10000.0,0
7.62,28000.0,5925.0,0
16.2,70000.0,31300.0,1
13.98,32000.0,12000.0,0
18.99,64000.0,4675.0,0
13.67,32000.0,10750.0,0
15.61,44000.0,15850.0,0
19.52,65000.0,28550.0,1
24.5,75000.0,15225.0,1
19.52,38500.0,10000.0,1
13.35,72000.0,9600.0,1
14.49,34000.0,9825.0,0
10.99,110000.0,20000.0,1
15.1,29000.0,9750.0,0
6.03,247285.0,24000.0,0
10.99,39000.0,17475.0,0
11.99,27000.0,9450.0,1
16.29,62500.0,20000.0,1
20.99,120000.0,14000.0,1
9.17,90000.0,20000.0,1
16.99,40000.0,14000.0,0
14.49,35000.0,7800.0,0
18.24,86000.0,16000.0,1
17.76,35000.0,10000.0,0
14.99,35000.0,11750.0,0
13.35,110000.0,28000.0,1
15.1,55000.0,15000.0,1
16.99,50000.0,18000.0,1
15.61,85000.0,12000.0,1
13.98,34560.0,10000.0,0
12.99,25000.0,4800.0,0
10.99,90000.0,10000.0,1
13.35,85000.0,12000.0,1
20.99,66750.0,25325.0,1
15.1,42848.0,7200.0,0
11.99,61000.0,10000.0,0
20.99,42000.0,16750.0,1
20.2,56250.0,7000.0,0
12.49,42000.0,6000.0,0
16.99,45000.0,10000.0,0
8.39,46000.0,20000.0,0
15.1,85000.0,10800.0,1
17.57,43000.0,17200.0,0
10.15,60000.0,15000.0,1
14.99,110000.0,24000.0,1
9.99,55000.0,10000.0,0
22.15,47000.0,8400.0,1
20.2,33000.0,5000.0,0
14.49,22880.0,10200.0,0
18.55,92000.0,12000.0,1
17.1,21000.0,5825.0,0
21.7,68000.0,14000.0,1
25.57,185000.0,35000.0,0
13.35,45000.0,4800.0,0
19.52,56810.0,1000.0,0
19.2,55000.0,7000.0,0
15.61,32000.0,10000.0,0
16.2,47000.0,20500.0,1
11.99,107000.0,28000.0,1
13.35,140000.0,25000.0,1
21.7,45000.0,20125.0,1
14.49,60000.0,16000.0,1
20.2,57941.0,26650.0,1
20.99,30000.0,10200.0,0
13.35,154000.0,29975.0,0
7.69,50000.0,20000.0,0
14.99,42000.0,15000.0,0
20.2,28000.0,4750.0,0
11.67,60000.0,8000.0,0
12.99,48000.0,15000.0,0
24.99,75000.0,15800.0,1
19.52,47950.0,3100.0,1
15.61,42000.0,9000.0,0
14.99,72000.0,15000.0,1
25.57,120000.0,35000.0,1
13.35,93000.0,14400.0,1
14.99,80000.0,4000.0,0
10.99,80000.0,5000.0,0
14.49,50000.0,15000.0,1
13.98,178000.0,18000.0,0
10.99,32000.0,7200.0,0
13.35,36000.0,11200.0,0
15.61,42000.0,11100.0,0
18.24,70000.0,17600.0,1
9.99,30000.0,8000.0,0
15.61,74000.0,4000.0,0
10.99,70000.0,6800.0,0
12.99,45854.0,13000.0,0
20.2,70000.0,15000.0,0
20.2,60000.0,15000.0,1
13.98,75000.0,18350.0,1
24.99,72000.0,27300.0,1
14.3,36500.0,10500.0,0
17.1,60000.0,6000.0,0
13.35,56160.0,10000.0,1
17.76,123000.0,18000.0,1
17.76,92000.0,20000.0,1
21.0,56000.0,15000.0,0
24.08,55000.0,16500.0,1
14.3,40400.0,7500.0,0
20.2,80000.0,26750.0,1
25.57,79000.0,25325.0,1
24.99,85000.0,12000.0,1
16.99,125000.0,30000.0,1
11.99,45000.0,8000.0,0
26.06,66000.0,27650.0,1
16.99,100000.0,20000.0,1
15.61,92000.0,20000.0,1
21.0,67000.0,29700.0,1
15.1,30000.0,8000.0,0
10.15,43000.0,10000.0,0
12.99,115000.0,30225.0,1
17.57,41600.0,11200.0,0
16.99,64500.0,19200.0,1
15.1,90000.0,15000.0,1
16.29,42240.0,12000.0,0
12.99,40000.0,14700.0,0
16.2,35900.0,9500.0,0
14.3,47939.0,6625.0,0
16.2,68000.0,15000.0,1
26.06,100000.0,29975.0,1
14.99,98000.0,24000.0,1
19.52,24000.0,7650.0,0
13.98,85000.0,21000.0,1
15.61,45000.0,14350.0,0
17.76,89000.0,12000.0,1
25.83,39000.0,13975.0,0
15.61,106000.0,27000.0,1
25.99,68000.0,21750.0,1
10.99,40000.0,9000.0,0
15.61,22000.0,6075.0,0
11.99,44000.0,6000.0,0
17.76,36000.0,12375.0,0
17.1,40000.0,16450.0,0
10.99,42866.0,12700.0,0
19.2,90000.0,10200.0,0
15.61,60000.0,24000.0,1
22.15,95000.0,25000.0,1
19.52,60000.0,10000.0,0
21.0,38000.0,6000.0,0
22.4,55000.0,20400.0,1
14.99,40000.0,4000.0,0
26.06,104000.0,30000.0,1
13.98,59900.0,4675.0,0
12.99,65000.0,24000.0,1
15.61,26000.0,9325.0,0
14.99,34000.0,10000.0,0
14.99,35000.0,15750.0,0
16.29,30000.0,10000.0,0
11.99,110000.0,15000.0,1
7.62,95000.0,17000.0,1
7.69,100000.0,30000.0,1
18.99,60000.0,17000.0,1
11.99,62104.0,13500.0,1
14.49,160000.0,7325.0,0
15.1,45000.0,8800.0,0
6.03,52000.0,22875.0,1
18.55,42000.0,18550.0,1
23.4,40000.0,14500.0,0
18.55,100000.0,23850.0,1
23.43,32000.0,2500.0,0
8.39,89000.0,18000.0,1
18.99,50000.0,7000.0,0
9.17,65000.0,12000.0,1
14.99,16360.0,2000.0,0
14.49,100000.0,15000.0,1
14.99,40000.0,2000.0,0
19.52,35480.0,5000.0,0
16.2,58000.0,7200.0,0
18.24,24000.0,6500.0,0
20.99,60000.0,25000.0,1
18.24,92800.0,24000.0,1
25.57,80000.0,20000.0,1
17.57,105000.0,12000.0,1
11.99,65000.0,8700.0,0
18.24,48000.0,14700.0,0
16.29,75000.0,16000.0,1
13.98,67000.0,28100.0,1
17.1,30000.0,5750.0,0
12.99,90000.0,13475.0,1
18.24,56000.0,8000.0,0
14.49,55000.0,10000.0,0
13.35,60000.0,21575.0,1
12.99,43000.0,10000.0,0
16.29,100000.0,6000.0,1
21.0,50000.0,18225.0,1
17.57,143000.0,21000.0,1
18.55,120000.0,35000.0,1
20.2,69000.0,31700.0,1
16.29,75000.0,12000.0,1
24.99,75000.0,11700.0,0
13.67,85000.0,16000.0,1
14.49,55000.0,1500.0,0
16.2,80000.0,27575.0,1
21.7,103833.0,28000.0,1
12.99,41000.0,6000.0,0
16.29,85000.0,24000.0,1
18.55,49000.0,16000.0,0
17.1,51000.0,7800.0,0
16.29,150000.0,24000.0,1
17.1,55000.0,24575.0,1
17.1,50000.0,22250.0,0
18.24,40000.0,16700.0,0
18.99,32000.0,10875.0,0
24.99,104000.0,21000.0,1
11.67,60000.0,26375.0,1
12.49,100000.0,16000.0,1
18.55,75000.0,24000.0,1
19.24,32000.0,10850.0,1
